741657,Status: 429
741657,Status: 429
49389211,Status: 429
49389211,Status: 429
28413612,Status: 429
28413612,Status: 429
16758922,Status: 429
16758922,Status: 429
21365725,Status: 429
21365725,Status: 429
47570887,Status: 429
47570887,Status: 429
44712457,Status: 429
44712457,Status: 429
49833709,Status: 429
49833709,Status: 429
23722000,Status: 429
23722000,Status: 429
17235752,Status: 429
17235752,Status: 429
26342458,Status: 429
26342458,Status: 429
30744110,Status: 429
30744110,Status: 429
38725404,Status: 429
38725404,Status: 429
39460683,Status: 429
39460683,Status: 429
