914036,Status: 429
914036,Status: 429
8097505,Status: 429
8097505,Status: 429
7664224,Status: 429
7664224,Status: 429
23138830,Status: 429
23138830,Status: 429
46722421,Status: 429
46722421,Status: 429
46722421,Status: 429
21616177,Status: 429
21616177,Status: 429
11740260,Status: 429
11740260,Status: 429
22917,Status: 429
22917,Status: 429
23736496,Status: 429
23736496,Status: 429
3997888,Status: 429
3997888,Status: 429
33444625,Status: 429
33444625,Status: 429
21625444,Status: 429
21625444,Status: 429
9923843,Status: 429
9923843,Status: 429
26370280,Status: 429
26370280,Status: 429
7711903,Status: 429
18877729,Status: 429
