5769922,Status: 429
5769922,Status: 429
25044769,Status: 429
25044769,Status: 429
29727606,Status: 429
29727606,Status: 429
22487098,Status: 429
22487098,Status: 429
24833311,Status: 429
24833311,Status: 429
5881351,Status: 429
5881351,Status: 429
5665957,Status: 429
5665957,Status: 429
32645320,Status: 429
32645320,Status: 429
23849236,Status: 429
23849236,Status: 429
28098690,Status: 429
28098690,Status: 429
37293139,Status: 429
37293139,Status: 429
37186945,Status: 429
37186945,Status: 429
6657748,Status: 429
6657748,Status: 429
29432160,Status: 429
29432160,Status: 429
29190111,Status: 429
39690900,Status: 429
